[
  {
    "value": "Cheese",
    "synonyms": [
      "Cheese"
    ]
  },
  {
    "value": "Pepperoni",
    "synonyms": [
      "Pepperoni"
    ]
  },
  {
    "value": "Brooklyn Pepperoni",
    "synonyms": [
      "Brooklyn Pepperoni"
    ]
  },
  {
    "value": "Sausage",
    "synonyms": [
      "Sausage"
    ]
  },
  {
    "value": "Beef",
    "synonyms": [
      "Beef"
    ]
  },
  {
    "value": "Ham",
    "synonyms": [
      "Ham"
    ]
  },
  {
    "value": "Bacon",
    "synonyms": [
      "Bacon"
    ]
  },
  {
    "value": "Chicken",
    "synonyms": [
      "Chicken"
    ]
  },
  {
    "value": "Philly Steak",
    "synonyms": [
      "Philly Steak"
    ]
  },
  {
    "value": "Anchovy",
    "synonyms": [
      "Anchovy"
    ]
  },
  {
    "value": "American Cheese",
    "synonyms": [
      "American Cheese"
    ]
  },
  {
    "value": "Cheddar",
    "synonyms": [
      "Cheddar"
    ]
  },
  {
    "value": "Feta",
    "synonyms": [
      "Feta"
    ]
  },
  {
    "value": "Parmesan Asiago",
    "synonyms": [
      "Parmesan Asiago"
    ]
  },
  {
    "value": "Provolone",
    "synonyms": [
      "Provolone"
    ]
  },
  {
    "value": "Hot Banana Peppers",
    "synonyms": [
      "Hot Banana Peppers"
    ]
  },
  {
    "value": "Black Olives",
    "synonyms": [
      "Black Olives"
    ]
  },
  {
    "value": "Green Olives",
    "synonyms": [
      "Green Olives"
    ]
  },
  {
    "value": "Green Pepper",
    "synonyms": [
      "Green Pepper"
    ]
  },
  {
    "value": "Mushroom",
    "synonyms": [
      "Mushroom"
    ]
  },
  {
    "value": "Pineapple",
    "synonyms": [
      "Pineapple"
    ]
  },
  {
    "value": "Onion",
    "synonyms": [
      "Onion"
    ]
  },
  {
    "value": "Tomatoes",
    "synonyms": [
      "Tomatoes"
    ]
  },
  {
    "value": "Jalapeno Peppers",
    "synonyms": [
      "Jalapeno Peppers"
    ]
  },
  {
    "value": "Spinach",
    "synonyms": [
      "Spinach"
    ]
  },
  {
    "value": "Roasted Red Peppers",
    "synonyms": [
      "Roasted Red Peppers"
    ]
  }
]