[
  {
    "id": "d43636b7-d1d7-4564-938f-1d1f0fdc5ae4",
    "data": [
      {
        "text": "What is the closest store to ",
        "userDefined": false
      },
      {
        "text": "K7L2N8",
        "alias": "address",
        "meta": "@sys.zip-code",
        "userDefined": true
      }
    ],
    "isTemplate": false,
    "count": 0
  },
  {
    "id": "5a48af3e-d54a-4aa6-92af-880b09b6cb02",
    "data": [
      {
        "text": "Find a store near ",
        "userDefined": false
      },
      {
        "text": "K7L2N8",
        "alias": "address",
        "meta": "@sys.zip-code",
        "userDefined": true
      }
    ],
    "isTemplate": false,
    "count": 0,
    "updated": 1517598790
  }
]