[
  {
    "id": "9f831c74-ae90-4ec7-95c1-88650b76ff4a",
    "data": [
      {
        "text": "order pizza",
        "userDefined": false
      }
    ],
    "isTemplate": false,
    "count": 0
  },
  {
    "id": "43364e59-f543-4e9e-aa7d-e650963a13f8",
    "data": [
      {
        "text": "hey order me a pizza",
        "userDefined": false
      }
    ],
    "isTemplate": false,
    "count": 0
  },
  {
    "id": "03c82847-0a8f-4cc4-aabd-e3160fcb839f",
    "data": [
      {
        "text": "hey can i get a ",
        "userDefined": false
      },
      {
        "text": "large",
        "alias": "size",
        "meta": "@size",
        "userDefined": false
      },
      {
        "text": " ",
        "userDefined": false
      },
      {
        "text": "thin",
        "alias": "crust",
        "meta": "@crust",
        "userDefined": false
      },
      {
        "text": " crust ",
        "userDefined": false
      },
      {
        "text": "cheese",
        "alias": "toppings",
        "meta": "@topping",
        "userDefined": false
      },
      {
        "text": " ",
        "userDefined": false
      },
      {
        "text": "pepperoni",
        "alias": "toppings",
        "meta": "@topping",
        "userDefined": false
      },
      {
        "text": " pizza",
        "userDefined": false
      }
    ],
    "isTemplate": false,
    "count": 0
  },
  {
    "id": "7713a368-a9e1-489c-b447-e435bbc2e364",
    "data": [
      {
        "text": " Order me two large pepperoni pizzas with thin crust",
        "userDefined": false
      }
    ],
    "isTemplate": false,
    "count": 0
  },
  {
    "id": "1292b371-35b6-441d-802d-ce456703a071",
    "data": [
      {
        "text": "How much are ",
        "userDefined": false
      },
      {
        "text": "two",
        "alias": "quantity",
        "meta": "@sys.number-integer",
        "userDefined": true
      },
      {
        "text": " ",
        "userDefined": false
      },
      {
        "text": "large",
        "alias": "size",
        "meta": "@size",
        "userDefined": true
      },
      {
        "text": " ",
        "userDefined": false
      },
      {
        "text": "pepperoni",
        "alias": "toppings",
        "meta": "@topping",
        "userDefined": true
      },
      {
        "text": " pizzas with ",
        "userDefined": false
      },
      {
        "text": "thin",
        "alias": "crust",
        "meta": "@crust",
        "userDefined": true
      },
      {
        "text": " crust?",
        "userDefined": false
      }
    ],
    "isTemplate": false,
    "count": 0,
    "updated": 1517535725
  }
]