[
  {
    "id": "66d49e36-4ed7-42a0-b9e4-7ff2bead8fd4",
    "data": [
      {
        "text": "pizza",
        "userDefined": false
      }
    ],
    "isTemplate": false,
    "count": 0
  },
  {
    "id": "47db691d-e51e-4d93-adc4-c72d740ba938",
    "data": [
      {
        "text": "Pizzabot",
        "userDefined": false
      }
    ],
    "isTemplate": false,
    "count": 0
  },
  {
    "id": "da087d72-bcea-4092-9179-5dab61e5a377",
    "data": [
      {
        "text": "Hello Pizzabot",
        "userDefined": false
      }
    ],
    "isTemplate": false,
    "count": 0,
    "updated": 1517544075
  }
]